CUSTOMER_ID,EMAIL,FIRSTNAME,LASTNAME,GENDER,CREDITS
1,tcrossland0@freewebs.com,Néhémie,Crossland,Male,$8.79
2,ejolliff1@istockphoto.com,Almérinda,Jolliff,Female,$8.61
3,mproudler2@nba.com,Maëlyss,Proudler,Female,$0.54
4,ejeyes3@theglobeandmail.com,Simplifiés,Jeyes,Male,$5.25
5,sairth4@netvibes.com,Thérèsa,Airth,Female,$6.36
6,dburnhill5@squarespace.com,Méthode,Burnhill,Female,$1.13
7,mcolleton6@huffingtonpost.com,Lauréna,Colleton,Female,$8.37
8,mhawkswell7@surveymonkey.com,Thérèsa,Hawkswell,Male,$2.69
9,gmccurdy8@domainmarket.com,Marie-françoise,McCurdy,Male,$3.88
10,pstebbings9@jugem.jp,Naëlle,Stebbings,Male,$4.53
11,ominchintona@nifty.com,Cinéma,Minchinton,Female,$5.73
12,jkornyshevb@g.co,Lài,Kornyshev,Female,$5.11
13,aoverlandc@lulu.com,Jú,Overland,Male,$3.17
14,nschorahd@amazon.co.uk,Gaétane,Schorah,Male,$5.98
15,omcsaule@sourceforge.net,Miléna,McSaul,Male,$2.95
16,asierf@globo.com,Yáo,Sier,Male,$2.00
17,lmuehlerg@odnoklassniki.ru,Åsa,Muehler,Male,$0.90
18,moxbieh@cnn.com,Táng,Oxbie,Male,$3.83
19,mdignalli@taobao.com,Véronique,Dignall,Male,$7.20
20,rfortyej@hhs.gov,Ráo,Fortye,Female,$9.17
21,mmcdonnellk@hugedomains.com,Aurélie,McDonnell,Female,$5.55
22,minnottl@webmd.com,Kuí,Innott,Female,$8.50
23,tgahaganm@dailymotion.com,Lóng,Gahagan,Male,$3.44
24,cchardinn@cpanel.net,Stéphanie,Chardin,Male,$4.86
25,jpenderedo@geocities.jp,Méline,Pendered,Female,$4.78
26,bmeacherp@ftc.gov,Publicité,Meacher,Male,$9.92
27,agamettq@chicagotribune.com,Marylène,Gamett,Female,$6.15
28,kscipseyr@odnoklassniki.ru,Mahélie,Scipsey,Female,$6.77
29,jshannahans@domainmarket.com,Örjan,Shannahan,Male,$9.93
30,sharralt@prnewswire.com,Laurélie,Harral,Male,$5.50
31,esalatinou@123-reg.co.uk,Bérangère,Salatino,Male,$4.36
32,cgullefordv@scientificamerican.com,Maëlys,Gulleford,Male,$7.73
33,bwitherdonw@time.com,Publicité,Witherdon,Female,$4.81
34,rtaceyx@google.pl,Ráo,Tacey,Male,$3.20
35,lyeweny@qq.com,Cinéma,Yewen,Female,$6.11
36,ipearcyz@webeden.co.uk,Liè,Pearcy,Male,$0.21
37,mrowly10@surveymonkey.com,Mårten,Rowly,Male,$0.02
38,rallsworth11@chron.com,Ophélie,Allsworth,Male,$0.25
39,hlemonnier12@mediafire.com,Maëline,Lemonnier,Male,$7.00
40,sstannah13@google.ru,Bécassine,Stannah,Male,$1.89
41,ptofful14@cafepress.com,Lucrèce,Tofful,Female,$3.55
42,jdelooze15@goodreads.com,Kallisté,Delooze,Female,$5.20
43,aslater16@xing.com,Eléonore,Slater,Male,$5.73
44,ccordova17@loc.gov,Mélissandre,Cordova,Female,$8.87
45,srutland18@skyrock.com,Maëlle,Rutland,Male,$3.38
46,tvanleeuwen19@ibm.com,Angèle,Van Leeuwen,Male,$9.28
47,chuson1a@csmonitor.com,Michèle,Huson,Male,$4.91
48,scrang1b@tamu.edu,Publicité,Crang,Female,$1.85
49,mjinda1c@cdbaby.com,Tú,Jinda,Male,$8.70
50,tshawel1d@tamu.edu,Aimée,Shawel,Male,$6.58
51,gnovotna1e@craigslist.org,Maëlys,Novotna,Female,$2.35
52,hsainsberry1f@spiegel.de,Zhì,Sainsberry,Male,$1.93
53,hhamstead1g@t-online.de,Yénora,Hamstead,Male,$0.47
54,ngilcrist1h@admin.ch,Hélèna,Gilcrist,Female,$9.96
55,pcroysdale1i@wordpress.com,Rachèle,Croysdale,Female,$3.92
56,kkrishtopaittis1j@ocn.ne.jp,Yáo,Krishtopaittis,Male,$2.82
57,rpadillo1k@upenn.edu,Geneviève,Padillo,Female,$7.88
58,cfitzpayn1l@angelfire.com,Laïla,Fitzpayn,Female,$8.41
59,lclaesens1m@rakuten.co.jp,Maëlann,Claesens,Female,$6.89
60,erowsell1n@free.fr,Maïlis,Rowsell,Female,$8.56
61,sduignan1o@auda.org.au,Méghane,Duignan,Female,$1.26
62,obentson1p@washingtonpost.com,Cléopatre,Bentson,Male,$6.06
63,jplanque1q@flavors.me,Marie-ève,Planque,Female,$4.38
64,rbenley1r@answers.com,Aloïs,Benley,Male,$3.65
65,fpartridge1s@mlb.com,Rachèle,Partridge,Male,$3.12
66,mdivell1t@infoseek.co.jp,Publicité,Divell,Male,$7.00
67,nfysh1u@spiegel.de,Loïc,Fysh,Male,$6.82
68,ngregine1v@ftc.gov,Maïwenn,Gregine,Female,$7.39
69,moloughnan1w@gravatar.com,Loïs,O'Loughnan,Female,$9.35
70,nharkus1x@constantcontact.com,Lauréna,Harkus,Male,$2.86
71,bantwis1y@samsung.com,Séverine,Antwis,Male,$5.06
72,lfranklin1z@4shared.com,Dafnée,Franklin,Male,$2.14
73,mblinman20@independent.co.uk,Cléa,Blinman,Female,$5.52
74,kbulbeck21@home.pl,Lucrèce,Bulbeck,Male,$3.58
75,jbilney22@narod.ru,Hélèna,Bilney,Male,$0.15
76,ccrayton23@miibeian.gov.cn,Maï,Crayton,Female,$8.84
77,jglencorse24@ibm.com,Maïwenn,Glencorse,Male,$4.59
78,acorpes25@merriam-webster.com,Anaël,Corpes,Female,$7.68
79,hmclaine26@lycos.com,Aurélie,McLaine,Female,$8.05
80,kcuming27@fotki.com,Naéva,Cuming,Male,$3.64
81,sakerman28@newsvine.com,Torbjörn,Akerman,Male,$4.57
82,sgonning29@umich.edu,Bérénice,Gonning,Female,$9.42
83,nshelper2a@tuttocitta.it,Léone,Shelper,Female,$5.34
84,kdunley2b@sciencedaily.com,Thérèsa,Dunley,Female,$7.76
85,sdodman2c@slashdot.org,Märta,Dodman,Female,$5.55
86,dcorkish2d@addtoany.com,Göran,Corkish,Female,$3.64
87,afownes2e@un.org,Camélia,Fownes,Male,$9.19
88,wgolder2f@seesaa.net,Daphnée,Golder,Male,$5.57
89,dtort2g@google.co.jp,Kù,Tort,Female,$3.90
90,afaraker2h@ted.com,Örjan,Faraker,Male,$4.35
91,mdeknevet2i@npr.org,Méghane,deKnevet,Male,$8.16
92,yjanu2j@washington.edu,Lorène,Janu,Male,$4.43
93,kmedina2k@forbes.com,Athéna,Medina,Female,$1.89
94,bditch2l@earthlink.net,Anaël,Ditch,Female,$3.35
95,mbagenal2m@surveymonkey.com,Lucrèce,Bagenal,Male,$3.10
96,ncawthron2n@google.co.jp,Åslög,Cawthron,Male,$6.54
97,hhealy2o@gnu.org,Gaétane,Healy,Female,$9.45
98,handrick2p@statcounter.com,Åsa,Andrick,Female,$9.02
99,dbuckenhill2q@cpanel.net,Anaëlle,Buckenhill,Male,$3.00
100,mkarslake2r@com.com,Séverine,Karslake,Male,$9.18
101,abollis2s@biblegateway.com,Bérengère,Bollis,Female,$2.50
102,kedmands2t@go.com,Yú,Edmands,Male,$1.22
103,dmarrison2u@exblog.jp,Andréanne,Marrison,Male,$1.98
104,cmakeswell2v@desdev.cn,Bérénice,Makeswell,Male,$6.91
105,lgerardet2w@exblog.jp,Valérie,Gerardet,Male,$3.18
106,dcausier2x@eepurl.com,Nadège,Causier,Male,$6.11
107,tmoorton2y@plala.or.jp,Marie-thérèse,Moorton,Male,$0.23
108,kmacphail2z@vinaora.com,Måns,MacPhail,Male,$9.46
109,wdenisevich30@joomla.org,Bérengère,Denisevich,Female,$2.62
110,nwogan31@rakuten.co.jp,Östen,Wogan,Male,$5.08
111,bdimaria32@merriam-webster.com,Fèi,Di Maria,Male,$3.08
112,hpessold33@networksolutions.com,Bérangère,Pessold,Male,$9.25
113,dtrickett34@dailymotion.com,Görel,Trickett,Female,$7.05
114,ldunbavin35@parallels.com,Andréa,Dunbavin,Male,$7.71
115,atrevallion36@skype.com,Laurélie,Trevallion,Female,$9.87
116,ishrimptone37@mail.ru,Célestine,Shrimptone,Female,$0.29
117,mspottiswood38@clickbank.net,Léonie,Spottiswood,Male,$0.75
118,psaur39@cnn.com,Sélène,Saur,Male,$9.32
119,mwimbridge3a@nationalgeographic.com,Marlène,Wimbridge,Female,$8.41
120,gzincke3b@bandcamp.com,Mélodie,Zincke,Female,$1.85
121,glittleover3c@free.fr,Aloïs,Littleover,Male,$6.67
122,mchurching3d@tamu.edu,Maéna,Churching,Female,$2.41
123,dhaggett3e@abc.net.au,Mélodie,Haggett,Female,$5.14
124,wmccowen3f@moonfruit.com,Lài,McCowen,Male,$8.08
125,cbeckhurst3g@dailymotion.com,Gaétane,Beckhurst,Male,$8.09
126,wcushion3h@parallels.com,Chloé,Cushion,Female,$1.11
127,mvasentsov3i@is.gd,Adèle,Vasentsov,Male,$7.67
128,lkempshall3j@hp.com,Méthode,Kempshall,Female,$3.08
129,cneath3k@netscape.com,Aloïs,Neath,Male,$6.16
130,bhanigan3l@ucsd.edu,Mén,Hanigan,Male,$9.89
131,aportsmouth3m@cpanel.net,Wá,Portsmouth,Female,$2.41
132,dcharke3n@army.mil,Rachèle,Charke,Female,$2.25
133,dwychard3o@msu.edu,Styrbjörn,Wychard,Male,$4.51
134,vthumann3p@addtoany.com,Josée,Thumann,Male,$5.07
135,brutherforth3q@sakura.ne.jp,Angélique,Rutherforth,Male,$3.48
136,osilmon3r@latimes.com,Adélie,Silmon,Female,$9.20
137,achampionnet3s@soundcloud.com,Yáo,Championnet,Male,$8.92
138,abelden3t@toplist.cz,Styrbjörn,Belden,Male,$4.98
139,vbidmead3u@senate.gov,Lucrèce,Bidmead,Female,$9.38
140,rdougan3v@nyu.edu,Nadège,Dougan,Male,$5.51
141,aknott3w@newyorker.com,Almérinda,Knott,Female,$6.98
142,glimeburner3x@foxnews.com,Magdalène,Limeburner,Male,$7.65
143,acallender3y@prweb.com,Lén,Callender,Female,$8.46
144,sdohr3z@discovery.com,Camélia,Dohr,Male,$5.17
145,wconstance40@mlb.com,Inès,Constance,Male,$5.05
146,jtebbut41@hugedomains.com,Méryl,Tebbut,Male,$9.86
147,vpiddletown42@unblog.fr,Bécassine,Piddletown,Male,$2.67
148,rstuckow43@yahoo.com,Cunégonde,Stuckow,Female,$6.54
149,dmattiello44@discovery.com,Táng,Mattiello,Female,$1.73
150,eswinnerton45@drupal.org,Pò,Swinnerton,Male,$9.74
151,kbuttress46@dailymail.co.uk,Inès,Buttress,Female,$7.19
152,jfish47@gov.uk,Yóu,Fish,Male,$0.03
153,ltackett48@mapy.cz,Vérane,Tackett,Female,$5.23
154,agrimes49@free.fr,Táng,Grimes,Male,$4.87
155,npigeon4a@wufoo.com,Thérèsa,Pigeon,Male,$0.57
156,sdummer4b@woothemes.com,Andréa,Dummer,Male,$3.88
157,cgoulter4c@chicagotribune.com,Bénédicte,Goulter,Female,$0.77
158,godeegan4d@hud.gov,Illustrée,O'Deegan,Male,$6.19
159,tllelweln4e@g.co,Örjan,LLelweln,Male,$8.56
160,londrasek4f@simplemachines.org,Pål,Ondrasek,Male,$8.70
161,gspinetti4g@geocities.com,Lài,Spinetti,Female,$6.84
162,vsarjant4h@drupal.org,Märta,Sarjant,Male,$6.14
163,kwales4i@vkontakte.ru,Uò,Wales,Male,$5.72
164,lwinks4j@ca.gov,Néhémie,Winks,Male,$9.66
165,ogilliam4k@storify.com,Mårten,Gilliam,Female,$3.15
166,krabbitts4l@cyberchimps.com,Miléna,Rabbitts,Male,$5.92
167,cbowley4m@dion.ne.jp,Eléonore,Bowley,Male,$7.10
168,jvoff4n@nhs.uk,Solène,Voff,Female,$3.11
169,crowntree4o@google.cn,Lài,Rowntree,Male,$8.63
170,jcawsy4p@omniture.com,Andréa,Cawsy,Male,$5.80
171,akaes4q@slideshare.net,Maëlla,Kaes,Female,$7.77
172,bretter4r@g.co,Maëly,Retter,Male,$1.91
173,gcafferty4s@paginegialle.it,Anaïs,Cafferty,Female,$6.94
174,sferras4t@yale.edu,Maïlis,Ferras,Female,$3.25
175,lbeagen4u@usatoday.com,Agnès,Beagen,Male,$2.33
176,mdemitris4v@rediff.com,Méghane,De Mitris,Female,$2.98
177,jbuttgow4w@skype.com,Eléa,Butt Gow,Female,$0.65
178,jshawdforth4x@usgs.gov,Tán,Shawdforth,Female,$9.24
179,tlarrie4y@businesswire.com,Kù,Larrie,Female,$6.50
180,khowells4z@w3.org,Cécilia,Howells,Female,$4.31
181,rfullun50@moonfruit.com,Magdalène,Fullun,Male,$0.01
182,kmackowle51@cdbaby.com,Angèle,MacKowle,Female,$3.97
183,ecoulbeck52@sitemeter.com,Pénélope,Coulbeck,Female,$0.38
184,cjobbins53@tumblr.com,Agnès,Jobbins,Female,$6.79
185,atoke54@ftc.gov,Marie-thérèse,Toke,Female,$1.61
186,srulf55@feedburner.com,Andrée,Rulf,Male,$5.69
187,bmcbrier56@cdc.gov,Michèle,McBrier,Female,$1.53
188,cgert57@clickbank.net,Marie-ève,Gert,Male,$4.12
189,kradolf58@tinypic.com,Gaïa,Radolf,Female,$5.00
190,bgarwell59@csmonitor.com,Dà,Garwell,Female,$8.50
191,shalpeine5a@bloglovin.com,Ruò,Halpeine,Female,$0.41
192,mdionsetti5b@surveymonkey.com,Pål,Dionsetti,Female,$2.64
193,dmahody5c@behance.net,Ruì,Mahody,Male,$7.21
194,cshercliff5d@cbslocal.com,Edmée,Shercliff,Female,$0.65
195,kshiel5e@deviantart.com,Léonie,Shiel,Female,$9.51
196,pkenworthey5f@odnoklassniki.ru,Görel,Kenworthey,Male,$9.47
197,kdewan5g@quantcast.com,Mélanie,Dewan,Male,$3.17
198,zlimbrick5h@squidoo.com,Marie-françoise,Limbrick,Male,$0.29
199,sarpino5i@odnoklassniki.ru,Andrée,Arpino,Female,$8.01
200,bnorman5j@sciencedirect.com,Léandre,Norman,Female,$2.83
201,jagnolo5k@free.fr,Táng,Agnolo,Female,$5.28
202,kwinship5l@wikimedia.org,Vénus,Winship,Male,$1.43
203,griddett5m@sciencedirect.com,Cunégonde,Riddett,Male,$1.90
204,erosbotham5n@typepad.com,Méline,Rosbotham,Female,$0.74
205,cgiamitti5o@google.com,Maëlla,Giamitti,Male,$7.07
206,mmaybery5p@dion.ne.jp,Béatrice,Maybery,Male,$6.47
207,ffeltham5q@prweb.com,Mårten,Feltham,Female,$4.74
208,ahebblethwaite5r@time.com,Maïwenn,Hebblethwaite,Female,$1.05
209,lonoulane5s@howstuffworks.com,Zoé,O'Noulane,Female,$3.20
210,mcurrao5t@dropbox.com,Ruò,Currao,Male,$0.33
211,csherrum5u@archive.org,Maïlys,Sherrum,Female,$9.30
212,meliasen5v@sfgate.com,Maëlla,Eliasen,Female,$7.73
213,bvanderplas5w@wsj.com,Nélie,Vanderplas,Male,$5.21
214,kmcclean5x@si.edu,Léonie,McClean,Male,$3.63
215,kblazewicz5y@jimdo.com,Régine,Blazewicz,Male,$2.48
216,wricco5z@tripod.com,Maïly,Ricco,Male,$5.09
217,jmantrup60@lulu.com,Josée,Mantrup,Female,$6.65
218,cyurkevich61@issuu.com,Pò,Yurkevich,Male,$1.89
219,lblowes62@ezinearticles.com,Zoé,Blowes,Female,$6.05
220,mlauridsen63@latimes.com,Faîtes,Lauridsen,Female,$6.05
221,efarre64@github.io,Céline,Farre,Female,$1.08
222,pgantley65@ow.ly,Nuó,Gantley,Female,$0.19
223,avidler66@cloudflare.com,Marie-ève,Vidler,Male,$7.56
224,fcoleyshaw67@photobucket.com,Bénédicte,Coleyshaw,Male,$8.37
225,tasplin68@netlog.com,Rébecca,Asplin,Male,$5.72
226,yscramage69@scribd.com,Réservés,Scramage,Male,$5.41
227,cwarstall6a@state.gov,Daphnée,Warstall,Male,$6.53
228,slochet6b@goodreads.com,Nélie,Lochet,Male,$2.49
229,bmcturlough6c@qq.com,Intéressant,McTurlough,Male,$7.36
230,scutford6d@woothemes.com,Gaétane,Cutford,Female,$8.41
231,lclappson6e@php.net,Mà,Clappson,Female,$5.45
232,emariolle6f@samsung.com,Géraldine,Mariolle,Male,$6.77
233,ccardoe6g@barnesandnoble.com,Laurène,Cardoe,Female,$4.73
234,estorres6h@com.com,Ophélie,Storres,Male,$5.68
235,ecuthbert6i@whitehouse.gov,Mégane,Cuthbert,Female,$4.94
236,ceilert6j@lycos.com,Noémie,Eilert,Male,$1.09
237,mrolfini6k@chicagotribune.com,Åslög,Rolfini,Female,$7.17
238,vhenfre6l@imdb.com,Marie-noël,Henfre,Female,$5.06
239,scullabine6m@oakley.com,Marie-ève,Cullabine,Female,$4.97
240,kpurkess6n@nifty.com,Laurélie,Purkess,Male,$2.15
241,smccathay6o@slideshare.net,Yóu,McCathay,Female,$6.65
242,dbottlestone6p@jalbum.net,Andréa,Bottlestone,Male,$4.96
243,hoake6q@mozilla.com,Maëlann,Oake,Male,$8.62
244,abilston6r@ox.ac.uk,Bénédicte,Bilston,Female,$4.33
245,tkroll6s@nsw.gov.au,Félicie,Kroll,Male,$2.60
246,eibell6t@nifty.com,Annotés,Ibell,Male,$1.51
247,mwalesby6u@cyberchimps.com,Yáo,Walesby,Female,$1.30
248,rfranceschi6v@hc360.com,Marlène,Franceschi,Female,$6.80
249,egarrad6w@lulu.com,Béatrice,Garrad,Female,$9.68
250,goxbe6x@yale.edu,Marie-hélène,Oxbe,Female,$2.15
251,atour6y@cisco.com,Miléna,Tour,Female,$0.59
252,eyegoshin6z@ow.ly,Eléa,Yegoshin,Male,$3.88
253,gtrowell70@123-reg.co.uk,Aloïs,Trowell,Female,$0.04
254,acranmer71@people.com.cn,Salomé,Cranmer,Male,$7.34
255,rpote72@archive.org,Valérie,Pote,Female,$8.74
256,cgehrtz73@hp.com,Léone,Gehrtz,Female,$6.34
257,fcunnane74@pbs.org,Görel,Cunnane,Female,$9.01
258,zblake75@xinhuanet.com,Eléonore,Blake,Female,$6.81
259,bpentecost76@sakura.ne.jp,Josée,Pentecost,Male,$1.86
260,hspilsbury77@domainmarket.com,Maëlys,Spilsbury,Female,$5.78
261,obrecher78@unblog.fr,Lorène,Brecher,Female,$0.84
262,gmisselbrook79@slideshare.net,Danièle,Misselbrook,Female,$7.01
263,rkemetz7a@epa.gov,Estève,Kemetz,Male,$7.56
264,dgillaspy7b@wikipedia.org,Åslög,Gillaspy,Male,$4.82
265,nclimie7c@yandex.ru,Gaëlle,Climie,Male,$6.59
266,akezor7d@fc2.com,Pål,Kezor,Male,$6.91
267,hescalante7e@epa.gov,Séverine,Escalante,Male,$6.84
268,fentwisle7f@phoca.cz,Estève,Entwisle,Female,$0.91
269,tsymmons7g@cmu.edu,Ruò,Symmons,Male,$7.50
270,croke7h@tinypic.com,Célia,Roke,Female,$8.45
271,srene7i@pbs.org,Stévina,Rene,Male,$8.33
272,dondrasek7j@bloglovin.com,Valérie,Ondrasek,Male,$1.22
273,cbedding7k@about.me,Táng,Bedding,Female,$2.09
274,cbartholomew7l@mozilla.com,Maëlys,Bartholomew,Male,$0.72
275,pconrad7m@dell.com,Lorène,Conrad,Female,$2.32
276,fmaidens7n@canalblog.com,Marylène,Maidens,Female,$8.41
277,dmaseres7o@foxnews.com,Märta,Maseres,Male,$9.96
278,jliver7p@ameblo.jp,Aurélie,Liver,Male,$7.69
279,ukilbourne7q@phoca.cz,Gwenaëlle,Kilbourne,Male,$8.57
280,hisaacson7r@pagesperso-orange.fr,Célia,Isaacson,Male,$9.52
281,wjowsey7s@e-recht24.de,Angèle,Jowsey,Female,$8.98
282,asimoncini7t@goo.gl,Léone,Simoncini,Male,$3.85
283,aalenin7u@va.gov,Alizée,Alenin,Male,$7.67
284,hcrosse7v@usa.gov,Mélina,Crosse,Female,$0.61
285,cpryer7w@gizmodo.com,Véronique,Pryer,Female,$2.95
286,hhrinchishin7x@yahoo.com,Séréna,Hrinchishin,Female,$3.33
287,escallon7y@aboutads.info,Nélie,Scallon,Female,$8.24
288,ctomsu7z@oakley.com,Mélissandre,Tomsu,Female,$7.74
289,dhaggett80@google.cn,Yénora,Haggett,Male,$8.23
290,wpretti81@sciencedaily.com,Michèle,Pretti,Male,$6.86
291,iprimak82@miibeian.gov.cn,Stéphanie,Primak,Male,$8.07
292,ryearron83@blogtalkradio.com,Judicaël,Yearron,Male,$6.11
293,nflecknoe84@comcast.net,Uò,Flecknoe,Male,$0.85
294,sclowton85@typepad.com,Maïté,Clowton,Female,$6.26
295,talbery86@weibo.com,Marie-thérèse,Albery,Female,$2.21
296,pdanaher87@sun.com,Magdalène,Danaher,Male,$3.21
297,ostrauss88@discovery.com,Rachèle,Strauss,Male,$7.96
298,ypondjones89@utexas.edu,Åke,Pond-Jones,Female,$1.08
299,kbroadway8a@amazon.com,Nuó,Broadway,Male,$5.27
300,gspall8b@ning.com,Gwenaëlle,Spall,Male,$5.33
301,mkyles8c@i2i.jp,Ruò,Kyles,Male,$6.16
302,elombardo8d@wisc.edu,Estée,Lombardo,Female,$7.44
303,schisnell8e@cnn.com,Cléopatre,Chisnell,Male,$2.86
304,geliasson8f@eventbrite.com,Yú,Eliasson,Female,$8.28
305,tsola8g@theguardian.com,Lài,Sola,Male,$2.02
306,wpeat8h@mapy.cz,Crééz,Peat,Male,$9.42
307,tsaunder8i@independent.co.uk,Garçon,Saunder,Male,$1.64
308,cmose8j@fema.gov,Styrbjörn,Mose,Female,$6.18
309,jwoolbrook8k@harvard.edu,Östen,Woolbrook,Male,$0.16
310,kmcduff8l@google.fr,Åslög,McDuff,Male,$3.53
311,hbagott8m@goo.gl,Méthode,Bagott,Male,$7.60
312,emckee8n@ezinearticles.com,Mélina,McKee,Male,$6.27
313,afylan8o@go.com,Mårten,Fylan,Female,$9.01
314,mspridgeon8p@dropbox.com,Aí,Spridgeon,Male,$5.12
315,tmarrow8q@harvard.edu,Noëlla,Marrow,Male,$5.44
316,bfisbey8r@hugedomains.com,Táng,Fisbey,Female,$0.41
317,jlazonby8s@4shared.com,Maëlys,Lazonby,Male,$7.47
318,ascrymgeour8t@senate.gov,Chloé,Scrymgeour,Male,$5.20
319,esinnett8u@ifeng.com,Léonore,Sinnett,Male,$1.36
320,glambdin8v@arstechnica.com,Mégane,Lambdin,Male,$9.73
321,hreedie8w@blogs.com,Bérengère,Reedie,Female,$1.97
322,cbeckworth8x@cpanel.net,Maëlyss,Beckworth,Male,$4.60
323,adrewes8y@va.gov,Tán,Drewes,Female,$2.37
324,lyegorev8z@joomla.org,Véronique,Yegorev,Male,$3.17
325,tsuthren90@hugedomains.com,Örjan,Suthren,Male,$1.02
326,braspin91@sitemeter.com,Maëlla,Raspin,Male,$9.40
327,cmillis92@answers.com,Zhì,Millis,Female,$5.25
328,smalamore93@istockphoto.com,Anaïs,Malamore,Female,$1.23
329,nshank94@stumbleupon.com,Bénédicte,Shank,Male,$2.92
330,brastrick95@nbcnews.com,Josée,Rastrick,Female,$0.15
331,dclewarth96@paypal.com,Agnès,Clewarth,Female,$0.02
332,kcorsor97@sbwire.com,Bérengère,Corsor,Male,$7.97
333,jpetken98@ca.gov,Lorène,Petken,Female,$6.05
334,finsworth99@yale.edu,Régine,Insworth,Female,$5.17
335,fbrownett9a@shutterfly.com,Adélaïde,Brownett,Male,$0.22
336,jgebby9b@list-manage.com,Solène,Gebby,Female,$8.43
337,dlemmers9c@instagram.com,Fèi,Lemmers,Female,$6.10
338,sshedden9d@stanford.edu,Wá,Shedden,Male,$0.48
339,rdovidian9e@webnode.com,Méline,Dovidian,Female,$4.06
340,mseargeant9f@list-manage.com,Yè,Seargeant,Female,$3.54
341,gguinane9g@guardian.co.uk,Michèle,Guinane,Male,$1.55
342,cedland9h@cafepress.com,Stéphanie,Edland,Male,$9.02
343,amccorley9i@jalbum.net,Célestine,McCorley,Female,$8.45
344,nbartolomeotti9j@free.fr,Rébecca,Bartolomeotti,Male,$5.36
345,mmccolgan9k@globo.com,Méthode,McColgan,Male,$3.54
346,fmackegg9l@smugmug.com,Märta,MacKegg,Female,$4.48
347,ecorbet9m@google.com,Nélie,Corbet,Male,$2.65
348,wmulheron9n@phoca.cz,Ruì,Mulheron,Male,$7.11
349,qchazier9o@networkadvertising.org,Wá,Chazier,Female,$4.74
350,jgaymer9p@elegantthemes.com,Bénédicte,Gaymer,Male,$3.72
351,mhughes9q@simplemachines.org,Jú,Hughes,Male,$5.34
352,atracy9r@joomla.org,Garçon,Tracy,Male,$0.07
353,bgregs9s@kickstarter.com,Eugénie,Gregs,Male,$4.22
354,rnana9t@mayoclinic.com,Mélodie,Nana,Male,$8.20
355,fgoodwin9u@icio.us,Gérald,Goodwin,Female,$5.75
356,olammert9v@1688.com,Dà,Lammert,Male,$9.48
357,jsayers9w@infoseek.co.jp,Lài,Sayers,Male,$1.17
358,mrentilll9x@hubpages.com,Esbjörn,Rentilll,Female,$1.50
359,wforber9y@opera.com,Liè,Forber,Female,$5.59
360,alepoidevin9z@bloomberg.com,Lorène,Lepoidevin,Male,$7.53
361,hbiera0@mozilla.org,Cléopatre,Bier,Female,$6.93
362,jbagehota1@craigslist.org,Léonie,Bagehot,Male,$5.34
363,ibleesa2@timesonline.co.uk,Andréa,Blees,Male,$0.59
364,nvaltia3@google.fr,Dafnée,Valti,Female,$0.05
365,celijahua4@imageshack.us,Dà,Elijahu,Female,$6.30
366,dlauranda5@imgur.com,Agnès,Laurand,Female,$1.08
367,mpinsenta6@nifty.com,Maëlyss,Pinsent,Male,$6.70
368,dmohameda7@nyu.edu,Marie-ève,Mohamed,Male,$9.20
369,skorna8@purevolume.com,Anaé,Korn,Female,$1.47
370,msholla9@1688.com,Dù,Sholl,Female,$7.34
371,thansieaa@goodreads.com,Personnalisée,Hansie,Male,$3.54
372,abuteab@skyrock.com,Aurélie,Bute,Male,$8.70
373,whoffnerac@auda.org.au,Clémence,Hoffner,Female,$9.30
374,lmuldrewad@hubpages.com,Valérie,Muldrew,Female,$2.58
375,etwistae@sogou.com,Salomé,Twist,Female,$6.50
376,lchaneyaf@privacy.gov.au,Maëlle,Chaney,Male,$7.63
377,sjudkinag@dot.gov,Garçon,Judkin,Male,$7.86
378,gbenedictoah@jiathis.com,Aí,Benedicto,Female,$8.91
379,cextillai@angelfire.com,Adèle,Extill,Female,$3.31
380,oshelmardineaj@baidu.com,Publicité,Shelmardine,Female,$8.81
381,gwhitmarshak@studiopress.com,Sòng,Whitmarsh,Female,$3.23
382,jmannockal@smh.com.au,Michèle,Mannock,Female,$9.76
383,lparamoram@marketwatch.com,Zhì,Paramor,Male,$2.55
384,wdouthwaitean@flickr.com,Torbjörn,Douthwaite,Female,$4.07
385,rcordsao@163.com,Médiamass,Cords,Female,$8.36
386,abrounfieldap@biglobe.ne.jp,Cloé,Brounfield,Female,$1.00
387,melwardaq@stanford.edu,Bénédicte,Elward,Female,$2.77
388,ntedorenkoar@nytimes.com,Görel,Tedorenko,Female,$5.53
389,hhitzschkeas@prlog.org,Lài,Hitzschke,Male,$2.06
390,sbanhamat@vkontakte.ru,Naëlle,Banham,Male,$5.44
391,oisittau@mac.com,Marylène,Isitt,Female,$6.57
392,rplayleav@hugedomains.com,Océane,Playle,Female,$9.00
393,tsummersettaw@cloudflare.com,Nadège,Summersett,Female,$1.86
394,cfranzkeax@hubpages.com,Andrée,Franzke,Female,$3.42
395,hdugalday@mozilla.com,Maïwenn,Dugald,Female,$3.04
396,lwinkaz@hhs.gov,Aloïs,Wink,Female,$7.84
397,naxelb0@utexas.edu,Michèle,Axel,Female,$1.72
398,mmaccostyeb1@bravesites.com,Uò,MacCostye,Female,$0.21
399,dlamploughb2@vinaora.com,Mylène,Lamplough,Female,$1.88
400,rcorryerb3@opensource.org,Léandre,Corryer,Male,$7.80
401,clarkbyb4@mlb.com,Médiamass,Larkby,Female,$9.46
402,ckinmanb5@people.com.cn,Michèle,Kinman,Male,$1.33
403,mgorchb6@plala.or.jp,Chloé,Gorch,Male,$7.22
404,rwhylieb7@twitpic.com,Béatrice,Whylie,Male,$6.95
405,crossinb8@sohu.com,Örjan,Rossin,Female,$0.37
406,gelesb9@xing.com,Loïca,Eles,Male,$5.29
407,dwillersba@hud.gov,Rachèle,Willers,Female,$0.91
408,awybournebb@businessinsider.com,Marie-françoise,Wybourne,Male,$5.11
409,lbrilonbc@rambler.ru,Styrbjörn,Brilon,Male,$4.89
410,cevreuxbd@infoseek.co.jp,Aurélie,Evreux,Female,$2.36
411,wnuccitellibe@ameblo.jp,Maïté,Nuccitelli,Male,$4.94
412,jlombardobf@creativecommons.org,Pélagie,Lombardo,Female,$4.34
413,arootesbg@chronoengine.com,Nuó,Rootes,Female,$4.00
414,bknappbh@etsy.com,Gösta,Knapp,Female,$0.71
415,rcasbonbi@gnu.org,Anaé,Casbon,Male,$6.21
416,cpontebj@mtv.com,Céline,Ponte,Male,$4.96
417,gtysackbk@icq.com,Simplifiés,Tysack,Female,$3.93
418,cmarcumbl@yahoo.com,Cécile,Marcum,Male,$2.94
419,hmylanbm@mac.com,Vérane,Mylan,Female,$6.91
420,nbedburybn@google.com.br,Illustrée,Bedbury,Male,$3.17
421,amapsonbo@cargocollective.com,Célestine,Mapson,Female,$5.84
422,wlamkebp@sfgate.com,Intéressant,Lamke,Female,$6.36
423,avasilevichbq@time.com,Erwéi,Vasilevich,Female,$7.03
424,uspiteribr@parallels.com,Esbjörn,Spiteri,Female,$9.30
425,ajurekbs@twitpic.com,Noémie,Jurek,Female,$8.94
426,tmanonbt@disqus.com,Maëly,Manon,Male,$2.69
427,tpinneybu@princeton.edu,Cécile,Pinney,Male,$6.63
428,awardesworthbv@feedburner.com,Méline,Wardesworth,Male,$0.95
429,lhalfordbw@usnews.com,Maëlle,Halford,Female,$6.90
430,vcasottibx@rakuten.co.jp,Ráo,Casotti,Female,$3.48
431,eoquinby@addtoany.com,Agnès,O'Quin,Female,$4.38
432,dhellwingbz@csmonitor.com,Annotés,Hellwing,Male,$0.56
433,bwillattc0@pinterest.com,Maïwenn,Willatt,Male,$7.89
434,lhavershamc1@hexun.com,Angélique,Haversham,Female,$9.29
435,kheggec2@ftc.gov,Chloé,Hegge,Female,$6.69
436,mmallabundc3@free.fr,Jú,Mallabund,Male,$4.06
437,gflaxonc4@taobao.com,Alizée,Flaxon,Female,$0.62
438,aolliverc5@cyberchimps.com,Lén,Olliver,Female,$0.08
439,tbrasseurc6@unc.edu,Hélèna,Brasseur,Female,$0.57
440,sbutlerbowdonc7@ucoz.ru,Cinéma,Butler-Bowdon,Male,$5.27
441,cmarringtonc8@networkadvertising.org,Françoise,Marrington,Male,$4.38
442,kcovillc9@google.it,Vérane,Covill,Female,$1.30
443,mmonckca@reverbnation.com,Daphnée,Monck,Female,$5.29
444,tclementecb@t-online.de,Judicaël,Clemente,Male,$7.23
445,fmeatchercc@webeden.co.uk,Garçon,Meatcher,Female,$9.09
446,apettettcd@nymag.com,Maïlis,Pettett,Male,$7.31
447,faddeycottce@harvard.edu,Illustrée,Addeycott,Male,$9.51
448,idenescf@about.me,Gaétane,Denes,Female,$2.97
449,klutercg@rediff.com,Rébecca,Luter,Female,$1.18
450,sbownch@microsoft.com,Garçon,Bown,Female,$4.06
451,hlavisteci@a8.net,Gaétane,Laviste,Male,$6.03
452,kphorsbycj@pcworld.com,Joséphine,Phorsby,Male,$5.09
453,tdevock@wix.com,Mylène,Devo,Male,$8.18
454,lbarriecl@yellowbook.com,Estée,Barrie,Male,$4.37
455,gschafflercm@friendfeed.com,Rébecca,Schaffler,Male,$6.15
456,pwolferscn@ibm.com,Cinéma,Wolfers,Male,$8.97
457,dpawlickico@omniture.com,Angèle,Pawlicki,Female,$7.81
458,glosseljongcp@prlog.org,Eugénie,Losseljong,Male,$1.28
459,ahempshallcq@pagesperso-orange.fr,Yè,Hempshall,Female,$2.10
460,kasquithcr@theatlantic.com,Táng,Asquith,Female,$5.89
461,fkohlercs@arstechnica.com,Daphnée,Kohler,Female,$0.83
462,lgurradoct@blogs.com,Maëly,Gurrado,Male,$0.15
463,pbrabbencu@mozilla.com,Clémence,Brabben,Female,$4.53
464,npettengellcv@baidu.com,Léone,Pettengell,Male,$1.41
465,vfarrercw@omniture.com,Méng,Farrer,Female,$3.26
466,settritchcx@list-manage.com,Géraldine,Ettritch,Male,$2.72
467,jsteckingscy@buzzfeed.com,Alizée,Steckings,Female,$8.05
468,dtrymmecz@un.org,Torbjörn,Trymme,Male,$3.40
469,sadamsend0@cbslocal.com,Maïwenn,Adamsen,Male,$7.49
470,mcliburnd1@theguardian.com,Anaëlle,Cliburn,Male,$0.96
471,rdutchd2@wunderground.com,Marie-françoise,Dutch,Male,$8.25
472,ipresdied3@washington.edu,Pål,Presdie,Female,$4.79
473,crepperd4@google.com.hk,Torbjörn,Repper,Male,$3.17
474,ihansed5@mapy.cz,Kuí,Hanse,Female,$4.51
475,sweeked6@github.io,Annotée,Weeke,Female,$2.25
476,ploadsmand7@cargocollective.com,Laïla,Loadsman,Female,$5.21
477,mkeuningd8@flavors.me,Solène,Keuning,Female,$7.65
478,opelhamd9@booking.com,Clélia,Pelham,Male,$3.63
479,rgarleyda@umich.edu,Aí,Garley,Male,$7.55
480,iheadinghamdb@msn.com,Séverine,Headingham,Female,$7.94
481,cjanauddc@histats.com,Uò,Janaud,Female,$0.77
482,bswindlesdd@cam.ac.uk,Rébecca,Swindles,Female,$2.63
483,adipietrode@walmart.com,Maëlyss,Di Pietro,Female,$5.98
484,bfanedf@github.com,Edmée,Fane,Female,$3.76
485,sfossdg@ebay.co.uk,Jú,Foss,Female,$4.11
486,sperriedh@answers.com,Méline,Perrie,Male,$1.12
487,xmosdalldi@unblog.fr,Gösta,Mosdall,Female,$0.79
488,fcowlarddj@alexa.com,Pélagie,Cowlard,Female,$4.46
489,hesbydk@salon.com,Marie-thérèse,Esby,Male,$6.26
490,scarneydl@hatena.ne.jp,Sélène,Carney,Female,$6.74
491,twoollerdm@photobucket.com,Mélys,Wooller,Male,$0.88
492,rreskellydn@irs.gov,Pélagie,Reskelly,Female,$6.33
493,ibrooddo@soup.io,Léana,Brood,Male,$1.79
494,cpalesdp@eepurl.com,Méline,Pales,Male,$5.00
495,rpauledq@whitehouse.gov,Audréanne,Paule,Female,$8.43
496,lmuggdr@boston.com,Cloé,Mugg,Male,$2.81
497,ntangyeds@youtu.be,Faîtes,Tangye,Male,$9.15
498,rwrethamdt@buzzfeed.com,Noémie,Wretham,Male,$8.46
499,sradolfdu@skyrock.com,Cléopatre,Radolf,Female,$4.37
500,folleydv@oracle.com,Lóng,Olley,Male,$4.03
501,kloggiedw@hubpages.com,Kévina,Loggie,Female,$5.14
502,fjodkowskidx@nasa.gov,Jú,Jodkowski,Female,$6.22
503,tgoodbarrdy@cbslocal.com,Ruì,Goodbarr,Female,$6.17
504,cringsdz@mozilla.org,Eléonore,Rings,Female,$4.07
505,cferrarottie0@nyu.edu,Maëlla,Ferrarotti,Male,$3.00
506,prickforde1@sina.com.cn,Méng,Rickford,Male,$4.81
507,mgollande2@about.me,Loïs,Golland,Female,$0.05
508,ldeftye3@pen.io,Lèi,Defty,Male,$8.98
509,vsievewrighte4@meetup.com,Angélique,Sievewright,Male,$4.86
510,mbessee5@ehow.com,Bécassine,Besse,Female,$0.37
511,dgratrexe6@army.mil,Bécassine,Gratrex,Female,$6.15
512,xlearee7@wikispaces.com,Aimée,Leare,Male,$9.81
513,deldride8@paginegialle.it,Lén,Eldrid,Male,$7.46
514,pmelrosee9@sfgate.com,Hélène,Melrose,Female,$9.75
515,gguerriea@mozilla.com,Clémentine,Guerri,Female,$6.72
516,emonkleigheb@sourceforge.net,Mégane,Monkleigh,Male,$2.97
517,dweldec@addthis.com,Angélique,Weld,Female,$8.36
518,wbethamed@diigo.com,Mén,Betham,Male,$4.89
519,aosichevee@prlog.org,Åsa,Osichev,Female,$8.77
520,cemerineef@storify.com,Aurélie,Emerine,Male,$0.12
521,alowetheg@hao123.com,Salomé,Loweth,Female,$9.22
522,lbabonaueh@istockphoto.com,Méline,Babonau,Female,$4.86
523,ddunderdaleei@cnet.com,Clémence,Dunderdale,Male,$6.14
524,rfenneej@theatlantic.com,Estée,Fenne,Male,$0.70
525,ehebbornek@xing.com,Märta,Hebborn,Female,$4.77
526,ldimnageel@ihg.com,Kallisté,Dimnage,Male,$7.50
527,mdrabbleem@wsj.com,Clémentine,Drabble,Male,$8.25
528,hscibseyen@walmart.com,Simplifiés,Scibsey,Male,$9.87
529,rspreageo@webs.com,Pål,Spreag,Male,$3.89
530,aelcoateep@ibm.com,Maëly,Elcoate,Female,$5.76
531,akmenteq@fema.gov,Danièle,Kment,Female,$1.13
532,aeggintoner@furl.net,Réservés,Egginton,Female,$1.96
533,rmiddleweekes@foxnews.com,Néhémie,Middleweek,Male,$1.56
534,kastleyet@zdnet.com,Gaïa,Astley,Female,$7.66
535,whrinchenkoeu@youtube.com,Chloé,Hrinchenko,Female,$6.32
536,whartiganev@columbia.edu,Néhémie,Hartigan,Male,$8.07
537,smosebyew@mapy.cz,Görel,Moseby,Male,$6.84
538,gmabonex@123-reg.co.uk,Laurélie,Mabon,Female,$7.89
539,rpoultoney@yandex.ru,Clémentine,Poulton,Male,$3.28
540,bmertinez@blog.com,Kù,Mertin,Female,$1.32
541,hyakuntsovf0@dell.com,Cloé,Yakuntsov,Male,$5.12
542,jdundridgef1@yandex.ru,Faîtes,Dundridge,Female,$8.68
543,spirazzif2@ocn.ne.jp,Nuó,Pirazzi,Male,$9.65
544,rheersf3@google.com,Irène,Heers,Male,$8.61
545,araittf4@domainmarket.com,Léane,Raitt,Female,$3.91
546,adranfieldf5@nymag.com,Chloé,Dranfield,Female,$5.70
547,btebbettf6@networksolutions.com,Rachèle,Tebbett,Male,$5.97
548,gjoef7@blogger.com,Mà,Joe,Male,$5.14
549,cgavahanf8@cyberchimps.com,Aloïs,Gavahan,Male,$6.78
550,wchoakf9@opensource.org,Laurène,Choak,Male,$9.31
551,rtrubshawfa@google.pl,Adélaïde,Trubshaw,Male,$0.14
552,cpolinfb@washingtonpost.com,Marie-josée,Polin,Male,$9.56
553,estickleyfc@europa.eu,Måns,Stickley,Male,$1.31
554,lpeagramfd@shop-pro.jp,Märta,Peagram,Female,$7.10
555,bkarlowiczfe@opera.com,Mégane,Karlowicz,Female,$5.39
556,mkeganff@princeton.edu,Léandre,Kegan,Male,$9.66
557,bspieckfg@netscape.com,Océanne,Spieck,Male,$7.01
558,bcraydenfh@un.org,Marie-josée,Crayden,Male,$9.97
559,mstoppefi@webs.com,Andréa,Stoppe,Male,$5.31
560,jverillofj@sina.com.cn,Maëlyss,Verillo,Female,$6.94
561,klemariefk@ucla.edu,Mélodie,Lemarie,Female,$7.07
562,hkeyfl@php.net,Marie-noël,Key,Male,$9.61
563,lhayfordfm@sitemeter.com,Ráo,Hayford,Female,$1.30
564,fchesnayfn@uiuc.edu,Marie-ève,Chesnay,Male,$6.94
565,fmenichellifo@vk.com,Bérangère,Menichelli,Female,$5.33
566,pcongdonfp@taobao.com,Magdalène,Congdon,Male,$4.55
567,djaramfq@google.nl,Andrée,Jaram,Male,$7.23
568,jairetonfr@edublogs.org,Görel,Aireton,Female,$4.34
569,tburlinghamfs@ning.com,Åslög,Burlingham,Female,$7.13
570,mbastianft@eepurl.com,Ruò,Bastian,Female,$7.63
571,vbenduhnfu@springer.com,Marie-ève,Benduhn,Female,$6.51
572,ayvonfv@g.co,Miléna,Yvon,Female,$0.23
573,adomanfw@comcast.net,Yóu,Doman,Male,$9.03
574,ldemattiafx@ted.com,Solène,De Mattia,Male,$2.39
575,ctawtonfy@fema.gov,Méline,Tawton,Male,$4.08
576,eyakovichfz@vkontakte.ru,Noémie,Yakovich,Female,$1.15
577,fmacgaheyg0@businessinsider.com,Françoise,MacGahey,Female,$7.97
578,medelmanng1@phpbb.com,Lài,Edelmann,Male,$4.49
579,ejeppersong2@wunderground.com,Yú,Jepperson,Female,$0.98
580,otruwertg3@smugmug.com,Laurélie,Truwert,Female,$9.03
581,mmccreadieg4@free.fr,Magdalène,McCreadie,Female,$1.01
582,hrogierg5@biglobe.ne.jp,Bénédicte,Rogier,Male,$0.89
583,gcawstong6@scientificamerican.com,Véronique,Cawston,Male,$1.86
584,iramsayg7@godaddy.com,Görel,Ramsay,Female,$5.05
585,wmacdunlevyg8@nbcnews.com,Gaétane,MacDunlevy,Female,$6.34
586,lrottgerg9@buzzfeed.com,Mégane,Rottger,Male,$0.35
587,gcostellga@va.gov,Cinéma,Costell,Female,$8.67
588,pilyuchyovgb@infoseek.co.jp,Thérèse,Ilyuchyov,Female,$3.47
589,eeniongc@barnesandnoble.com,Océanne,Enion,Male,$5.38
590,ftonngd@bloglovin.com,Lóng,Tonn,Female,$3.69
591,whonschge@jalbum.net,Laurélie,Honsch,Male,$0.28
592,bfrodshamgf@state.gov,Marie-josée,Frodsham,Male,$5.47
593,jnorssistergg@indiatimes.com,Desirée,Norssister,Male,$2.70
594,fgagengh@home.pl,Dorothée,Gagen,Female,$3.15
595,zmacgarritygi@opera.com,Marie-josée,MacGarrity,Male,$7.40
596,wdigginsongj@cpanel.net,Naëlle,Digginson,Female,$8.53
597,ewillmangk@forbes.com,Jú,Willman,Female,$1.98
598,spenvardengl@opensource.org,Audréanne,Penvarden,Male,$8.60
599,emacritchiegm@walmart.com,Kallisté,MacRitchie,Male,$3.30
600,kbottermangn@state.gov,Célestine,Botterman,Female,$1.04
601,bolivettago@npr.org,Annotés,Olivetta,Female,$0.16
602,wnesterovgp@mysql.com,Björn,Nesterov,Male,$8.60
603,ttitchengq@behance.net,Laïla,Titchen,Male,$1.89
604,sloramgr@sciencedirect.com,Salomé,Loram,Male,$4.12
605,shiscoegs@ask.com,Håkan,Hiscoe,Male,$1.00
606,bcortesegt@whitehouse.gov,Dà,Cortese,Female,$1.77
607,echazottegu@forbes.com,Stévina,Chazotte,Female,$2.63
608,wjessupgv@google.com.br,Régine,Jessup,Male,$0.13
609,sbernatgw@mysql.com,Ruò,Bernat,Female,$7.79
610,jdesvignesgx@angelfire.com,Lèi,Desvignes,Male,$6.95
611,gmaclardiegy@edublogs.org,Thérèse,MacLardie,Male,$1.74
612,jempletongz@zdnet.com,Inès,Empleton,Male,$5.02
613,sparsandh0@baidu.com,Nélie,Parsand,Male,$2.69
614,mmacmenaminh1@purevolume.com,Amélie,MacMenamin,Male,$1.36
615,mwardhawh2@ibm.com,Uò,Wardhaw,Male,$1.18
616,mrobinsonh3@google.cn,Uò,Robinson,Female,$7.18
617,rheeneyh4@china.com.cn,Kévina,Heeney,Male,$6.97
618,jscutterh5@list-manage.com,Andréa,Scutter,Female,$5.85
619,dsturtonh6@admin.ch,Naéva,Sturton,Male,$1.73
620,hmcgarelh7@google.co.jp,Pò,McGarel,Male,$4.77
621,dfeyeh8@ocn.ne.jp,Léonie,Feye,Male,$7.21
622,ascrannyh9@timesonline.co.uk,Maéna,Scranny,Female,$9.77
623,csellickha@sina.com.cn,Geneviève,Sellick,Female,$1.55
624,sspittalhb@ucoz.com,Séréna,Spittal,Female,$4.60
625,lsantarellihc@livejournal.com,Régine,Santarelli,Male,$3.60
626,kspreckleyhd@studiopress.com,Anaëlle,Spreckley,Female,$0.97
627,cnutleyhe@networkadvertising.org,Léa,Nutley,Male,$8.25
628,nrackhf@comsenz.com,Renée,Rack,Female,$3.80
629,asleenyhg@cafepress.com,Inès,Sleeny,Male,$7.08
630,jrosenkranchh@plala.or.jp,Pò,Rosenkranc,Female,$2.09
631,ihodgenhi@altervista.org,Lorène,Hodgen,Female,$7.05
632,mbrinkworthhj@dot.gov,Maëlann,Brinkworth,Male,$6.38
633,dshimmanshk@bandcamp.com,Lorène,Shimmans,Male,$2.48
634,gboyingtonhl@omniture.com,Léonore,Boyington,Female,$8.56
635,jmclernonhm@webnode.com,Maïly,McLernon,Female,$5.61
636,aivimeyhn@google.co.jp,Annotée,Ivimey,Female,$7.08
637,scattho@umn.edu,Eléa,Catt,Female,$3.32
638,jwinterscalehp@marriott.com,Crééz,Winterscale,Female,$5.36
639,omorteohq@free.fr,Adélaïde,Morteo,Male,$3.43
640,hmilleyhr@tuttocitta.it,Táng,Milley,Female,$2.68
641,ztewkesburyhs@github.io,Séréna,Tewkesbury.,Female,$8.89
642,nverbrugghenht@reference.com,Athéna,Verbrugghen,Female,$9.49
643,zmenaulhu@symantec.com,Kù,Menaul,Male,$1.20
644,airvinghv@macromedia.com,Hélèna,Irving,Female,$3.29
645,egrimahw@stumbleupon.com,Séverine,Grima,Female,$3.06
646,jgreevesonhx@mozilla.com,Cléa,Greeveson,Female,$3.23
647,ojewershy@ameblo.jp,Åslög,Jewers,Female,$0.92
648,cforsterhz@stumbleupon.com,Noëlla,Forster,Male,$0.46
649,pdurrani0@facebook.com,Noëlla,Durran,Male,$7.00
650,cmurrai1@free.fr,Erwéi,Murra,Female,$5.26
651,mbaurerichi2@google.de,Yénora,Baurerich,Male,$8.81
652,lkillingbecki3@senate.gov,Táng,Killingbeck,Female,$5.24
653,rvocei4@newsvine.com,Aimée,Voce,Male,$0.54
654,mheafordi5@unesco.org,Lèi,Heaford,Female,$3.72
655,mamotti6@tinyurl.com,Lèi,Amott,Male,$4.50
656,cweatherdoni7@dailymail.co.uk,Angélique,Weatherdon,Male,$7.23
657,cmcilraithi8@huffingtonpost.com,Faîtes,McIlraith,Female,$0.26
658,mmuneelyi9@ebay.com,Lèi,Muneely,Male,$8.38
659,afairmania@china.com.cn,Véronique,Fairman,Male,$3.82
660,dhoylesib@mtv.com,Cécilia,Hoyles,Female,$1.70
661,raxtonneic@ucla.edu,Mélina,Axtonne,Female,$9.38
662,gmichelid@drupal.org,Cloé,Michel,Male,$8.96
663,kllorensie@cloudflare.com,Almérinda,Llorens,Female,$8.93
664,msilcocksif@t-online.de,Börje,Silcocks,Female,$8.44
665,atidcombeig@mac.com,Pål,Tidcombe,Female,$1.96
666,lbradickih@lulu.com,Cinéma,Bradick,Male,$4.34
667,lbrissendenii@surveymonkey.com,Michèle,Brissenden,Male,$9.15
668,bmcgoochij@reference.com,Marie-thérèse,McGooch,Female,$5.52
669,jizchakiik@tmall.com,Gösta,Izchaki,Male,$7.73
670,sgogginsil@google.pl,Réservés,Goggins,Male,$0.08
671,iellinorim@wiley.com,Jú,Ellinor,Male,$8.16
672,srichichiin@feedburner.com,Angèle,Richichi,Male,$0.88
673,gchasneyio@usda.gov,Léane,Chasney,Female,$7.97
674,mbevingtonip@sogou.com,Josée,Bevington,Male,$4.50
675,froderigoiq@usa.gov,Camélia,Roderigo,Female,$8.70
676,cleverir@opera.com,Loïc,Lever,Male,$6.64
677,cdarcyis@wordpress.com,Mélys,Darcy,Female,$5.27
678,cfoanit@tiny.cc,Angélique,Foan,Female,$6.34
679,klosbieiu@wunderground.com,Aloïs,Losbie,Male,$7.21
680,jnormandiv@paypal.com,Östen,Normand,Female,$2.48
681,udeleteiw@google.it,Mårten,Delete,Male,$7.83
682,wkloserix@hhs.gov,Adélie,Kloser,Female,$4.50
683,rjohanssoniy@squidoo.com,Réjane,Johansson,Female,$6.75
684,rloxstoniz@chron.com,Stévina,Loxston,Male,$2.20
685,csnodinj0@shinystat.com,Jú,Snodin,Male,$1.44
686,nberij1@mapy.cz,Uò,Beri,Female,$1.72
687,ehatherleighj2@tinypic.com,Pò,Hatherleigh,Male,$6.44
688,tcotmanj3@mayoclinic.com,Bérénice,Cotman,Female,$5.66
689,evaarj4@apple.com,Cléa,Vaar,Male,$1.84
690,brostenj5@japanpost.jp,Almérinda,Rosten,Female,$4.85
691,ldoulj6@gravatar.com,Joséphine,Doul,Female,$3.19
692,sboyesj7@phpbb.com,Réjane,Boyes,Female,$6.98
693,goganj8@tmall.com,Lauréna,Ogan,Female,$4.96
694,jhachettej9@google.es,Åsa,Hachette,Male,$7.73
695,llermouthja@miitbeian.gov.cn,André,Lermouth,Male,$1.78
696,aduckerjb@jiathis.com,Garçon,Ducker,Male,$4.80
697,rspurginjc@upenn.edu,Pélagie,Spurgin,Male,$8.32
698,dgorbelljd@hostgator.com,Alizée,Gorbell,Male,$9.86
699,aceaplenje@usnews.com,Clémence,Ceaplen,Male,$2.95
700,clayejf@upenn.edu,Cinéma,Laye,Male,$8.54
701,mduckettjg@tripod.com,Cléopatre,Duckett,Male,$5.11
702,hdorricottjh@ebay.co.uk,Maëlla,Dorricott,Male,$8.78
703,tthurlowji@myspace.com,Håkan,Thurlow,Male,$6.41
704,earonjj@yelp.com,Cécile,Aron,Male,$6.02
705,nbirdjk@rediff.com,Mà,Bird,Male,$4.28
706,rblemingsjl@nifty.com,Michèle,Blemings,Male,$5.79
707,hdawsjm@clickbank.net,Léandre,Daws,Female,$0.11
708,dpotteryjn@ebay.co.uk,Maëlyss,Pottery,Female,$0.37
709,kkaynejo@unblog.fr,Örjan,Kayne,Female,$1.98
710,tkupkejp@dagondesign.com,Lèi,Kupke,Female,$4.79
711,cbroadhurstjq@youku.com,Personnalisée,Broadhurst,Female,$0.48
712,hgriptonjr@unesco.org,Marie-hélène,Gripton,Male,$1.35
713,kcopcotejs@ehow.com,Stévina,Copcote,Male,$4.77
714,njeryjt@sciencedaily.com,Noémie,Jery,Male,$0.30
715,cslocomju@vinaora.com,Mélodie,Slocom,Female,$9.92
716,estapelejv@amazonaws.com,Ráo,Stapele,Male,$0.57
717,kkalkoferjw@so-net.ne.jp,Estée,Kalkofer,Female,$1.28
718,rkarbyjx@friendfeed.com,Estée,Karby,Female,$9.58
719,nseabrightjy@europa.eu,Maëlla,Seabright,Male,$1.23
720,fnaldrettjz@timesonline.co.uk,Maïté,Naldrett,Male,$2.68
721,chorbartk0@netscape.com,Ruò,Horbart,Male,$1.03
722,ibreensk1@soup.io,Wá,Breens,Female,$8.65
723,sgroverk2@weather.com,Åsa,Grover,Male,$8.21
724,dmaccurtaink3@skyrock.com,Intéressant,MacCurtain,Male,$2.69
725,dcholdcroftk4@theglobeandmail.com,Marie-françoise,Choldcroft,Female,$3.84
726,rcheekk5@addtoany.com,Simplifiés,Cheek,Male,$2.79
727,iestablek6@sogou.com,Zhì,Estable,Male,$9.40
728,mscogingsk7@nydailynews.com,Marie-josée,Scogings,Female,$1.49
729,hkinnonk8@sina.com.cn,Thérèsa,Kinnon,Male,$4.34
730,mlewsonk9@prlog.org,Pål,Lewson,Male,$7.79
731,asimnellka@unblog.fr,Aurélie,Simnell,Male,$0.60
732,bferencowiczkb@latimes.com,Gisèle,Ferencowicz,Female,$2.65
733,dedonkc@spotify.com,Méline,Edon,Female,$6.67
734,ksyerkd@cyberchimps.com,Géraldine,Syer,Female,$2.79
735,dbangleyke@google.cn,Mylène,Bangley,Male,$0.65
736,cmarkwellkf@accuweather.com,Maïté,Markwell,Male,$2.47
737,lfludgatekg@de.vu,Léana,Fludgate,Male,$2.88
738,chearsonkh@patch.com,Estée,Hearson,Female,$0.59
739,welloitki@icio.us,Maéna,Elloit,Female,$3.23
740,lpeasbykj@lulu.com,Maëly,Peasby,Male,$7.62
741,amillettkk@myspace.com,Kallisté,Millett,Male,$0.60
742,droblettkl@opensource.org,Annotés,Roblett,Male,$4.11
743,eberfootkm@pinterest.com,Nadège,Berfoot,Male,$1.86
744,gfrizzellkn@army.mil,André,Frizzell,Female,$0.62
745,rdodsko@weibo.com,Annotés,Dods,Female,$8.15
746,wingremkp@topsy.com,Mélissandre,Ingrem,Female,$3.30
747,jmahmoodkq@bluehost.com,Léane,Mahmood,Female,$9.42
748,erainskr@ebay.com,Esbjörn,Rains,Male,$4.98
749,lgarredks@jigsy.com,Annotés,Garred,Female,$6.38
750,kharbourkt@nasa.gov,Réservés,Harbour,Female,$8.70
751,kzanicchelliku@google.de,Alizée,Zanicchelli,Female,$6.37
752,pabellkv@theatlantic.com,Béatrice,Abell,Male,$0.56
753,iorrahkw@samsung.com,Andréanne,Orrah,Female,$7.52
754,sgirschkx@smugmug.com,Béatrice,Girsch,Male,$9.75
755,edonoghueky@reference.com,Lucrèce,Donoghue,Male,$0.85
756,mdurmankz@zimbio.com,Östen,Durman,Female,$3.93
757,gabrahamovitzl0@thetimes.co.uk,Andrée,Abrahamovitz,Female,$0.53
758,tbeneditel1@msu.edu,Kévina,Benedite,Female,$0.17
759,jfleetwoodl2@homestead.com,Nuó,Fleetwood,Male,$3.84
760,lshepherdsonl3@google.it,Intéressant,Shepherdson,Female,$1.62
761,cmethl4@amazon.co.jp,Eléa,Meth,Male,$5.67
762,wdoctorl5@dailymail.co.uk,Annotés,Doctor,Female,$5.29
763,estetlyel6@ezinearticles.com,Annotée,Stetlye,Female,$9.97
764,pmackl7@etsy.com,Eléonore,Mack,Female,$0.54
765,hdavidssonl8@clickbank.net,Almérinda,Davidsson,Male,$2.73
766,nalbasinil9@eepurl.com,Naéva,Albasini,Female,$8.46
767,pmccafferyla@epa.gov,Kévina,McCaffery,Male,$4.07
768,gcastiblancolb@booking.com,Athéna,Castiblanco,Male,$5.39
769,rormrodlc@weebly.com,Publicité,Ormrod,Male,$2.58
770,cgoodyerld@state.tx.us,Célia,Goodyer,Female,$7.21
771,dtwigleyle@friendfeed.com,Yè,Twigley,Male,$9.81
772,cskillingslf@goo.ne.jp,Andréa,Skillings,Male,$1.54
773,tpadillolg@japanpost.jp,Léandre,Padillo,Male,$0.56
774,cbemwelllh@uiuc.edu,Méghane,Bemwell,Female,$4.84
775,llovattli@marriott.com,Thérèse,Lovatt,Male,$1.59
776,ischolfieldlj@edublogs.org,Faîtes,Scholfield,Female,$9.99
777,polivaslk@indiegogo.com,Estève,Olivas,Male,$7.00
778,cstearnll@phpbb.com,Annotée,Stearn,Female,$5.42
779,caslielm@google.fr,Åsa,Aslie,Male,$2.82
780,rperelliln@usda.gov,Géraldine,Perelli,Female,$4.68
781,cbodkerlo@google.nl,Bérénice,Bodker,Male,$9.76
782,aramptonlp@google.cn,Lài,Rampton,Male,$6.94
783,llathamlq@sogou.com,Anaël,Latham,Female,$9.12
784,etisunlr@bluehost.com,Håkan,Tisun,Female,$7.74
785,nbuzzals@canalblog.com,Nélie,Buzza,Male,$6.95
786,holdakerlt@acquirethisname.com,Athéna,Oldaker,Female,$5.08
787,mgeraldinilu@cargocollective.com,Hélène,Geraldini,Female,$1.21
788,mtorreselv@cbc.ca,Félicie,Torrese,Male,$5.74
789,ahallsworthlw@deliciousdays.com,Görel,Hallsworth,Female,$7.40
790,rebylx@opensource.org,Cunégonde,Eby,Female,$6.77
791,bstansallly@reference.com,Börje,Stansall,Female,$6.03
792,hreaganlz@pbs.org,Maëlys,Reagan,Female,$0.51
793,epascoem0@blog.com,Cléopatre,Pascoe,Female,$9.49
794,pwhitenm1@disqus.com,Yú,Whiten,Female,$7.08
795,anewburnm2@npr.org,Yénora,Newburn,Female,$4.17
796,vmactrustiem3@ocn.ne.jp,Nélie,MacTrustie,Female,$0.83
797,ebenadettem4@cocolog-nifty.com,Intéressant,Benadette,Male,$6.54
798,cbachshellm5@bluehost.com,Marie-thérèse,Bachshell,Male,$2.68
799,hpaynterm6@youtube.com,Béatrice,Paynter,Male,$2.61
800,jbokenm7@wikia.com,Yáo,Boken,Female,$4.16
801,pedgelerm8@google.nl,Esbjörn,Edgeler,Female,$0.28
802,holliarm9@cloudflare.com,Régine,Olliar,Female,$9.51
803,ekegginma@pcworld.com,Gaïa,Keggin,Female,$2.86
804,jabbissmb@last.fm,Garçon,Abbiss,Female,$4.66
805,wbeadnallmc@unesco.org,Mélodie,Beadnall,Male,$0.41
806,oyarnellmd@barnesandnoble.com,Desirée,Yarnell,Male,$6.07
807,dbiskupskime@github.io,Josée,Biskupski,Female,$5.30
808,mchaplynmf@prlog.org,Léone,Chaplyn,Male,$0.09
809,cpaynesmg@tumblr.com,Göran,Paynes,Male,$7.19
810,bmccliffertymh@marketwatch.com,Eugénie,McClifferty,Female,$7.56
811,diannellomi@baidu.com,Marie-josée,Iannello,Female,$6.85
812,smurriganmj@dailymail.co.uk,Cécile,Murrigan,Female,$9.57
813,tcrankshawmk@themeforest.net,Angélique,Crankshaw,Male,$5.89
814,dquirkml@mapy.cz,Joséphine,Quirk,Male,$5.35
815,npitkeathlymm@weibo.com,Léonore,Pitkeathly,Male,$1.87
816,awatkissmn@macromedia.com,Noémie,Watkiss,Female,$1.60
817,kmoakesmo@statcounter.com,Göran,Moakes,Female,$6.91
818,aantoniazzimp@wix.com,Eliès,Antoniazzi,Female,$2.76
819,tdinanmq@about.me,Lóng,Dinan,Female,$4.09
820,cdalzellmr@drupal.org,Maéna,Dalzell,Male,$9.44
821,gcappelms@woothemes.com,Vénus,Cappel,Male,$3.60
822,egiffenmt@shop-pro.jp,Lucrèce,Giffen,Female,$6.26
823,rmuddlemu@yale.edu,Wá,Muddle,Male,$9.02
824,bcronshawmv@hatena.ne.jp,Agnès,Cronshaw,Female,$9.82
825,ktripneymw@dagondesign.com,Lài,Tripney,Male,$5.07
826,djakovmx@unblog.fr,Irène,Jakov,Male,$3.02
827,gambroixmy@ocn.ne.jp,Táng,Ambroix,Female,$3.13
828,ckedsliemz@seattletimes.com,Clémence,Kedslie,Male,$3.40
829,cmaccaddien0@ucla.edu,Médiamass,Maccaddie,Male,$3.60
830,ssicklingn1@usda.gov,Dafnée,Sickling,Female,$6.12
831,ndewittn2@istockphoto.com,Bérengère,De Witt,Male,$4.82
832,darrighettin3@house.gov,Michèle,Arrighetti,Female,$8.86
833,mgehrelsn4@newyorker.com,Méryl,Gehrels,Male,$0.28
834,clewendonn5@alibaba.com,Méline,Lewendon,Male,$5.13
835,cbothramn6@furl.net,Anaëlle,Bothram,Male,$4.15
836,tpargetern7@cargocollective.com,Athéna,Pargeter,Male,$4.35
837,norumn8@yandex.ru,Josée,Orum,Female,$1.43
838,apellissiern9@example.com,Naëlle,Pellissier,Female,$0.99
839,rattacna@nature.com,Publicité,Attac,Female,$4.14
840,fdesseinenb@amazon.co.uk,Mégane,Desseine,Male,$3.09
841,ccrispinnc@discuz.net,Léa,Crispin,Female,$0.35
842,grosenhauptnd@angelfire.com,Léonore,Rosenhaupt,Male,$1.62
843,gdaybornene@rambler.ru,Céline,Dayborne,Male,$0.25
844,dvaleriusnf@mapy.cz,Vénus,Valerius,Male,$5.80
845,mlamsheadng@ucoz.ru,Jú,Lamshead,Male,$7.59
846,sragbournnh@dagondesign.com,Yénora,Ragbourn,Female,$0.01
847,ereinhardtni@dailymail.co.uk,Rébecca,Reinhardt,Female,$8.19
848,pgiacomininj@psu.edu,Mélissandre,Giacomini,Male,$6.75
849,gthomtsonnk@jigsy.com,Maëlle,Thomtson,Female,$8.04
850,schatersnl@ihg.com,Anaé,Chaters,Male,$5.23
851,srubertinm@forbes.com,Kévina,Ruberti,Female,$5.67
852,tcaronnn@imdb.com,Cléa,Caron,Female,$8.52
853,wbombno@tuttocitta.it,Illustrée,Bomb,Female,$9.48
854,mshermarnp@purevolume.com,Magdalène,Shermar,Female,$0.81
855,lchasmornq@cnn.com,Nadège,Chasmor,Female,$4.17
856,mlindenfeldnr@blogger.com,Léane,Lindenfeld,Male,$8.51
857,skesperns@engadget.com,Eliès,Kesper,Female,$7.69
858,gcoyettnt@google.co.uk,Hélèna,Coyett,Female,$9.55
859,ipybworthnu@123-reg.co.uk,Clémence,Pybworth,Female,$8.54
860,bmorenv@archive.org,Yóu,More,Female,$4.09
861,begellnw@bloomberg.com,Réjane,Egell,Female,$3.66
862,bcaronnx@seesaa.net,Estève,Caron,Male,$6.43
863,dmeecherny@netscape.com,Noémie,Meecher,Male,$5.38
864,ppalferynz@istockphoto.com,Véronique,Palfery,Male,$4.05
865,mleavryo0@wp.com,Sòng,Leavry,Female,$9.91
866,ckiosselo1@cbslocal.com,Simplifiés,Kiossel,Female,$9.97
867,sfairheado2@printfriendly.com,Béatrice,Fairhead,Female,$8.28
868,ggouldthorpeo3@sohu.com,Naëlle,Gouldthorpe,Female,$0.31
869,rabdeno4@purevolume.com,Garçon,Abden,Male,$6.13
870,ahalidayo5@acquirethisname.com,Bérengère,Haliday,Female,$8.70
871,cvanmerweo6@shinystat.com,Maëlyss,Van Merwe,Female,$4.24
872,ekerrodo7@skype.com,Nadège,Kerrod,Female,$9.59
873,thelleno8@odnoklassniki.ru,Maïlis,Hellen,Male,$7.45
874,hbanfillo9@tripod.com,Esbjörn,Banfill,Female,$6.07
875,kcluettoa@imdb.com,Andrée,Cluett,Male,$8.02
876,abrimacombeob@arizona.edu,Mélissandre,Brimacombe,Female,$3.09
877,eknightleyoc@goodreads.com,Maïlis,Knightley,Female,$9.12
878,tmancerod@dot.gov,Loïc,Mancer,Female,$1.49
879,zwensleyoe@opensource.org,Håkan,Wensley,Female,$9.70
880,bwyllisof@dropbox.com,Görel,Wyllis,Male,$0.07
881,jdurieog@dion.ne.jp,Nélie,Durie,Male,$8.62
882,wlafayoh@networkadvertising.org,Laurène,Lafay,Female,$8.44
883,eloncasteroi@ted.com,Mélissandre,Loncaster,Female,$8.22
884,bkalinovichoj@narod.ru,Marie-josée,Kalinovich,Male,$5.24
885,mwittonok@macromedia.com,Régine,Witton,Male,$9.67
886,hprateol@squidoo.com,Bénédicte,Prate,Female,$7.98
887,maddlestoneom@sfgate.com,Noémie,Addlestone,Female,$9.39
888,dcraigieon@vistaprint.com,Réservés,Craigie,Male,$1.21
889,alancastleoo@hhs.gov,Kù,Lancastle,Female,$3.72
890,khemmingwayop@google.ca,Nuó,Hemmingway,Female,$2.10
891,ksiblyoq@example.com,Réservés,Sibly,Female,$4.64
892,hburgor@privacy.gov.au,Erwéi,Burg,Female,$0.00
893,afaugheyos@marketwatch.com,Lài,Faughey,Male,$4.85
894,gkeningtonot@soup.io,Maïté,Kenington,Female,$5.69
895,clindemanou@whitehouse.gov,Gérald,Lindeman,Male,$5.57
896,acapozziov@washington.edu,Athéna,Capozzi,Male,$2.20
897,lhargroveow@reference.com,Méryl,Hargrove,Female,$2.25
898,etretwellox@businessweek.com,Océane,Tretwell,Male,$4.45
899,qendeoy@google.ca,Laurélie,Ende,Female,$2.05
900,acoleyoz@google.com.hk,Salomé,Coley,Male,$2.79
901,wovenellp0@dmoz.org,Félicie,Ovenell,Female,$2.42
902,ckupperp1@odnoklassniki.ru,Faîtes,Kupper,Female,$4.65
903,mskeatp2@yelp.com,Maïwenn,Skeat,Female,$1.46
904,mpetersenp3@4shared.com,Naëlle,Petersen,Male,$5.32
905,rbillsp4@liveinternet.ru,Nadège,Bills,Male,$6.97
906,nleperep5@theguardian.com,Gaïa,Lepere,Male,$1.26
907,ddeleonp6@wiley.com,Zoé,de Leon,Male,$9.15
908,haltimasp7@domainmarket.com,Östen,Altimas,Female,$5.32
909,wheightonp8@chron.com,Börje,Heighton,Female,$3.67
910,epressp9@vistaprint.com,Gaïa,Press,Male,$0.63
911,cfredapa@fastcompany.com,Léana,Freda,Male,$8.12
912,mmicopb@cmu.edu,Adèle,Mico,Male,$1.27
913,mmcveighpc@intel.com,Solène,McVeigh,Male,$9.85
914,jartingstallpd@opera.com,Mélinda,Artingstall,Female,$7.53
915,cadamskipe@furl.net,Méghane,Adamski,Female,$0.15
916,clipmanpf@google.it,Crééz,Lipman,Female,$9.95
917,abrattypg@moonfruit.com,Crééz,Bratty,Female,$2.96
918,smenaultph@usgs.gov,Ráo,Menault,Male,$6.84
919,pibelpi@npr.org,Gaïa,Ibel,Female,$4.60
920,dkimbreypj@omniture.com,Loïc,Kimbrey,Male,$0.67
921,eburdounpk@ameblo.jp,Camélia,Burdoun,Male,$7.83
922,amasserelpl@creativecommons.org,Camélia,Masserel,Female,$2.81
923,nscadingpm@hp.com,Agnès,Scading,Male,$6.79
924,eadnetpn@tinyurl.com,Audréanne,Adnet,Male,$1.77
925,phalmkinpo@wikispaces.com,Maëlann,Halmkin,Male,$6.20
926,nseabornepp@trellian.com,Marie-hélène,Seaborne,Female,$0.23
927,afilanpq@uiuc.edu,Erwéi,Filan,Female,$1.78
928,hmooneypr@tinyurl.com,Maëlla,Mooney,Female,$2.99
929,mfennerps@yahoo.com,Uò,Fenner,Male,$4.07
930,mtuxwellpt@marketwatch.com,Méng,Tuxwell,Male,$7.59
931,nflaunepu@cdbaby.com,Aurélie,Flaune,Male,$1.15
932,bnellpv@google.com,Léa,Nell,Female,$0.16
933,mgianolopw@wiley.com,Méline,Gianolo,Female,$7.34
934,wdensunpx@4shared.com,Régine,Densun,Female,$5.57
935,fscotchmerpy@addthis.com,Adélaïde,Scotchmer,Female,$1.39
936,abecerrapz@cbc.ca,Maéna,Becerra,Female,$2.03
937,oizakovq0@goo.ne.jp,Mélina,Izakov,Female,$2.88
938,ylawrensonq1@ed.gov,Andréanne,Lawrenson,Male,$2.74
939,aelrickq2@unblog.fr,Adèle,Elrick,Female,$7.06
940,hwitlingq3@cam.ac.uk,Nuó,Witling,Female,$1.89
941,cwhittleseeq4@goo.gl,Clélia,Whittlesee,Female,$9.07
942,jlerouxq5@mit.edu,Maëly,Leroux,Male,$0.75
943,rkunischq6@imdb.com,Börje,Kunisch,Female,$2.78
944,rturneauxq7@xinhuanet.com,Clélia,Turneaux,Female,$0.28
945,ldakeq8@behance.net,Judicaël,Dake,Male,$1.53
946,solekhovq9@whitehouse.gov,Judicaël,Olekhov,Female,$2.37
947,ifrakeqa@npr.org,Åslög,Frake,Male,$9.99
948,aknealqb@addthis.com,Maëline,Kneal,Male,$0.78
949,fcressyqc@naver.com,Marylène,Cressy,Female,$6.55
950,mdarrelqd@creativecommons.org,Irène,Darrel,Male,$9.69
951,smcindoeqe@ustream.tv,Hélène,McIndoe,Male,$2.94
952,tbrucksteinqf@statcounter.com,Ruì,Bruckstein,Male,$4.92
953,gcolmoreqg@furl.net,Lauréna,Colmore,Male,$0.45
954,jeathertonqh@vk.com,Marie-josée,Eatherton,Female,$7.70
955,isnowmanqi@privacy.gov.au,Françoise,Snowman,Female,$8.73
956,sreilingenqj@creativecommons.org,Stéphanie,Reilingen,Female,$9.74
957,astainbridgeqk@springer.com,Marie-josée,Stainbridge,Male,$1.78
958,abarlasql@irs.gov,Thérèse,Barlas,Male,$8.40
959,mbartodqm@timesonline.co.uk,Solène,Bartod,Male,$7.23
960,vpenrightqn@addtoany.com,Eugénie,Penright,Female,$1.71
961,swankaqo@oakley.com,Marie-ève,Wanka,Female,$9.27
962,vlackhamqp@walmart.com,Lóng,Lackham,Male,$2.97
963,hhoyerqq@exblog.jp,Gérald,Hoyer,Male,$5.41
964,fmougenelqr@loc.gov,Maëlla,Mougenel,Male,$0.45
965,gdowyerqs@google.ca,Lyséa,Dowyer,Female,$7.94
966,kmatoshinqt@jugem.jp,Alizée,Matoshin,Male,$6.44
967,lmintoqu@thetimes.co.uk,Vénus,Minto,Female,$6.31
968,dblabieqv@weibo.com,Naéva,Blabie,Male,$0.95
969,bdomengeqw@google.nl,Valérie,Domenge,Male,$5.83
970,ibladgeqx@alibaba.com,Océanne,Bladge,Male,$5.54
971,kvanniqy@smugmug.com,Athéna,Vanni,Male,$1.17
972,rmosleyqz@cafepress.com,Mà,Mosley,Male,$2.06
973,sjakelr0@pbs.org,Fèi,Jakel,Male,$4.55
974,xbauntonr1@diigo.com,Mélissandre,Baunton,Male,$6.13
975,abartlomiejr2@mapy.cz,Anaël,Bartlomiej,Female,$4.25
976,gsibrayr3@dyndns.org,Mélys,Sibray,Male,$9.11
977,bmooreedr4@hibu.com,Cécile,Mooreed,Female,$5.84
978,lcrowsonr5@unblog.fr,Adèle,Crowson,Female,$8.94
979,ddarviller6@tripod.com,Mélodie,Darville,Male,$6.65
980,msinottr7@weebly.com,Loïca,Sinott,Male,$4.35
981,bdahlr8@ca.gov,Frédérique,Dahl,Male,$6.57
982,mclamor9@fotki.com,Annotés,Clamo,Female,$9.58
983,hkrzysztofiakra@xrea.com,Pål,Krzysztofiak,Female,$7.66
984,staplowrb@loc.gov,Yè,Taplow,Male,$7.29
985,mwollerrc@thetimes.co.uk,Géraldine,Woller,Male,$4.39
986,asheddenrd@ezinearticles.com,Åke,Shedden,Male,$5.33
987,dgleedre@blogtalkradio.com,Ruì,Gleed,Female,$1.19
988,alythgoerf@twitter.com,Göran,Lythgoe,Female,$1.72
989,rmacveanrg@cnbc.com,Hélène,MacVean,Female,$5.75
990,dsutheranrh@vimeo.com,Bécassine,Sutheran,Male,$7.11
991,enewboldri@posterous.com,Estée,Newbold,Male,$3.72
992,achazellerj@shutterfly.com,Noëlla,Chazelle,Male,$7.13
993,wyanelerk@mozilla.org,Naéva,Yanele,Female,$7.98
994,gmineghellirl@domainmarket.com,Crééz,Mineghelli,Female,$7.29
995,obradlyrm@cocolog-nifty.com,Bécassine,Bradly,Female,$4.29
996,felpheern@dion.ne.jp,Pò,Elphee,Male,$7.62
997,wlardeuxro@yolasite.com,Wá,Lardeux,Female,$1.69
998,cgeaneyrp@illinois.edu,Eloïse,Geaney,Female,$4.77
999,mkleinplatzrq@weibo.com,Mén,Kleinplatz,Female,$3.59
1000,hmerrimanrr@google.ru,Anaëlle,Merriman,Male,$1.83
